id,Address_US,Freq,last_update,Web,Gender,Address_RES,Purchase
1,1,2,3662,1,0,1,1
2,1,0,2900,1,1,0,0
3,1,2,3883,0,0,0,1
4,1,1,829,0,1,0,0
5,1,1,869,0,0,0,0
6,1,1,1995,0,0,1,0
7,1,2,1498,0,0,1,0
8,1,1,3397,0,1,0,0
9,1,4,525,1,1,0,1
10,1,1,3215,0,0,0,1
11,1,0,734,0,1,0,0
12,1,2,1275,0,0,1,0
13,1,1,2802,1,1,0,0
14,1,5,2081,0,1,0,1
15,0,1,1465,0,0,1,1
16,0,1,2523,1,0,0,0
17,1,2,1801,1,0,1,0
18,0,0,3694,1,0,0,0
19,1,2,1879,1,1,1,1
20,1,0,3120,0,1,0,0
21,1,2,2943,1,0,0,1
22,1,2,1928,0,1,0,1
23,1,1,310,0,0,1,0
24,1,2,1463,0,0,1,1
25,1,3,3613,1,1,0,1
26,1,1,2460,1,0,0,1
27,0,0,3394,0,0,0,0
28,1,0,1569,1,0,0,0
29,1,1,3299,0,0,0,1
30,1,2,3744,0,1,0,1
31,1,0,3090,0,0,0,0
32,0,2,2947,1,0,0,1
33,0,1,2123,0,1,0,0
34,1,0,2905,1,1,0,0
35,0,0,2005,0,1,1,0
36,1,1,1158,0,1,1,0
37,1,2,2478,0,1,0,1
38,0,1,1058,0,0,0,0
39,1,1,1774,0,0,0,0
40,1,0,3694,1,0,0,0
41,1,2,1752,1,0,1,0
42,1,2,3698,0,1,0,1
43,1,2,1318,0,1,1,1
44,1,9,868,1,0,1,1
45,1,2,2752,0,1,0,1
46,1,1,3338,0,1,1,1
47,1,0,3747,0,0,0,0
48,1,0,2905,1,0,0,0
49,1,2,1786,0,0,0,1
50,0,1,316,1,1,0,0
51,1,2,2226,0,1,0,1
52,1,2,1920,0,0,1,0
53,1,8,106,1,0,0,1
54,1,0,1822,1,1,0,0
55,1,1,1170,1,1,0,1
56,1,0,3157,0,1,1,0
57,1,5,1856,0,0,1,1
58,0,1,2212,0,0,0,1
59,1,2,3338,0,1,0,1
60,1,0,3367,0,1,0,0
61,1,3,2957,1,1,0,1
62,1,1,834,0,1,0,0
63,1,3,2908,0,1,0,1
64,1,1,906,1,1,0,1
65,1,6,1408,0,1,1,1
66,1,3,1835,1,0,0,1
67,1,1,2803,0,0,0,0
68,1,4,479,1,1,0,1
69,1,6,1470,0,1,0,1
70,1,1,3654,1,1,0,0
71,1,1,3716,0,0,1,1
72,1,0,3125,0,0,0,0
73,1,4,1995,0,1,1,0
74,1,0,3747,0,1,0,0
75,1,1,2438,0,1,1,0
76,1,1,2848,1,1,0,0
77,0,1,3125,1,1,0,1
78,1,2,541,1,1,1,1
79,1,1,2859,1,0,0,1
80,1,1,1095,1,0,1,0
81,1,1,2508,0,1,0,1
82,1,1,2862,0,0,0,1
83,1,0,3745,1,0,0,0
84,1,2,3698,1,0,0,1
85,1,0,3746,0,1,0,0
86,1,2,2962,1,0,0,1
87,1,2,841,1,0,1,1
88,1,1,2912,1,1,0,0
89,0,2,458,1,0,0,1
90,1,1,1269,1,0,0,1
91,1,1,2982,1,1,0,0
92,1,1,1415,1,0,1,0
93,1,0,4005,0,0,0,0
94,1,1,2102,1,1,0,1
95,1,1,2872,0,1,0,0
96,1,1,2548,1,0,0,1
97,1,0,2740,0,0,0,0
98,1,0,217,0,0,0,0
99,0,1,366,0,1,0,0
100,1,3,822,1,0,1,1
101,1,0,3746,0,0,0,0
102,1,1,3772,0,1,0,0
103,1,0,2781,0,1,0,0
104,1,1,511,0,0,0,0
105,1,1,1112,0,1,0,1
106,0,1,2807,1,0,0,1
107,1,0,1011,0,1,0,0
108,1,1,2907,0,1,0,1
109,1,1,3724,0,1,0,1
110,1,1,3356,0,0,0,0
111,0,3,3791,1,1,1,1
112,1,2,3642,1,0,0,0
113,0,1,4005,1,1,0,1
114,1,1,1130,1,1,0,1
115,1,6,1128,1,0,1,1
116,1,2,1521,0,1,1,0
117,1,2,1882,0,1,1,0
118,0,2,1529,0,1,0,1
119,1,1,2404,0,0,0,1
120,1,1,667,0,1,0,1
121,1,1,4157,1,1,0,1
122,1,2,3436,1,1,0,1
123,1,1,1154,0,0,1,1
124,1,1,1263,1,1,0,0
125,1,1,1863,0,1,1,1
126,1,3,731,0,0,1,0
127,1,0,1816,1,0,0,0
128,1,1,1302,1,1,0,1
129,1,2,785,1,0,0,1
130,1,1,3883,0,1,0,1
131,1,1,2960,0,1,1,1
132,1,5,617,0,0,0,1
133,1,1,3009,0,0,1,1
134,1,1,2404,0,1,0,0
135,1,1,1968,0,1,0,0
136,1,4,1121,1,1,0,1
137,1,0,2879,1,0,0,0
138,1,1,2648,1,1,0,1
139,1,0,2891,1,1,0,0
140,1,3,1240,1,1,1,1
141,1,1,2856,0,1,0,0
142,1,0,2977,0,0,0,0
143,1,1,2960,1,1,0,1
144,1,1,3047,0,1,1,0
145,1,0,2765,1,0,0,0
146,1,1,1109,0,0,0,1
147,1,5,2268,0,0,0,1
148,1,1,1147,1,0,0,1
149,1,2,2425,0,0,0,1
150,1,1,2296,0,0,0,1
151,1,0,3619,0,0,0,0
152,1,2,1016,1,0,0,1
153,1,1,723,0,1,1,0
154,1,2,841,0,1,1,0
155,1,1,890,0,1,0,0
156,1,3,1242,1,1,1,1
157,1,0,3747,1,1,0,0
158,1,1,2060,0,1,0,0
159,1,2,3074,1,0,0,1
160,1,3,2024,0,1,0,1
161,1,0,3138,1,0,1,0
162,1,1,3334,1,0,0,0
163,0,0,90,0,1,0,0
164,1,1,2632,1,0,0,1
165,1,1,3451,1,0,0,0
166,0,2,3543,0,0,0,1
167,1,1,169,1,1,0,1
168,1,3,3662,0,1,1,1
169,1,2,582,1,1,0,1
170,1,2,969,0,0,1,1
171,1,1,1968,1,1,0,0
172,0,1,364,1,0,0,1
173,0,0,2185,0,1,0,0
174,1,0,91,0,0,0,0
175,1,0,3502,0,1,0,0
176,1,1,3485,0,1,0,0
177,1,1,2855,0,1,0,0
178,1,1,1890,1,0,0,1
179,1,1,3944,1,1,0,1
180,1,3,2347,0,0,0,1
181,1,1,3237,0,1,1,0
182,1,2,3772,1,0,0,1
183,0,2,3583,1,0,0,1
184,0,1,140,0,1,1,0
185,1,1,2960,0,1,1,1
186,1,1,1598,1,1,0,1
187,1,3,1689,0,0,1,1
188,1,1,2675,0,1,0,1
189,1,4,1989,0,1,0,1
190,1,1,1569,1,1,0,1
191,1,1,1906,1,0,0,1
192,1,1,2408,1,0,0,1
193,1,2,1864,0,1,0,1
194,1,1,2947,0,0,0,1
195,0,2,2723,1,1,0,1
196,1,1,3660,1,1,0,0
197,1,1,2893,0,1,0,0
198,1,3,2466,1,1,0,1
199,1,2,1882,0,0,1,0
200,0,1,2502,0,0,1,0
201,1,3,2024,1,1,0,1
202,1,2,2080,1,1,1,1
203,1,2,1856,0,0,1,0
204,1,1,583,0,0,0,1
205,0,0,3369,0,0,0,0
206,1,0,181,0,0,0,0
207,1,1,50,1,1,0,1
208,1,1,3270,1,0,0,1
209,0,1,1926,0,1,0,1
210,1,1,1567,1,0,0,1
211,1,2,2404,1,0,0,1
212,1,1,906,0,0,0,1
213,1,2,1577,1,0,0,1
214,1,2,1037,0,1,0,1
215,0,1,2768,0,0,0,0
216,1,1,3522,0,0,0,0
217,0,4,511,1,0,0,1
218,1,1,833,0,0,0,0
219,1,3,191,1,1,0,1
220,1,1,182,1,1,0,1
221,1,2,2201,0,0,0,1
222,1,3,1962,1,1,1,0
223,1,1,3236,1,1,0,1
224,0,2,583,1,0,0,1
225,1,1,3453,1,0,0,0
226,1,0,3746,0,1,0,0
227,1,1,2081,1,0,1,1
228,0,1,2541,0,0,0,1
229,1,3,2205,0,0,0,1
230,1,1,3263,0,0,0,0
231,1,1,2918,1,1,0,0
232,1,1,2996,1,0,0,1
233,0,1,1701,0,0,0,1
234,1,1,3883,1,1,0,1
235,1,2,2802,1,0,0,1
236,1,1,1946,1,0,0,1
237,1,1,2562,1,1,0,1
238,1,1,2705,0,1,0,1
239,1,1,2333,1,1,1,1
240,1,2,2933,1,1,0,1
241,1,1,290,1,1,0,1
242,1,0,3745,0,1,0,0
243,1,1,3517,0,0,0,0
244,1,1,890,0,1,0,0
245,0,1,42,0,0,1,0
246,0,1,772,0,0,0,1
247,1,2,2194,0,0,1,1
248,0,2,1141,0,1,0,1
249,1,1,3011,0,1,0,1
250,1,2,2080,1,0,1,1
251,1,0,3507,0,0,0,0
252,1,1,1968,1,1,0,0
253,1,1,962,0,0,0,1
254,1,1,2212,0,0,0,0
255,1,1,2648,1,1,0,1
256,1,2,1415,0,1,1,0
257,1,2,1758,1,1,0,1
258,1,1,2383,0,1,0,0
259,0,1,814,1,1,0,1
260,1,1,58,1,0,0,1
261,0,0,3528,1,1,0,0
262,1,1,2960,0,0,0,1
263,1,2,1882,1,0,0,1
264,1,0,2737,0,1,1,0
265,1,2,2163,0,0,0,1
266,0,1,1683,0,0,0,1
267,1,6,800,1,1,0,1
268,1,2,304,1,0,0,1
269,1,4,1134,1,0,0,1
270,1,1,1361,0,0,0,1
271,1,2,1204,0,0,0,1
272,1,1,4065,0,0,0,1
273,1,0,616,1,0,1,0
274,1,1,1415,0,1,1,0
275,0,0,2705,0,1,0,0
276,1,1,107,1,1,0,1
277,0,2,2009,0,1,0,1
278,1,1,833,0,1,0,0
279,0,3,1086,0,1,1,1
280,1,4,1879,0,0,0,1
281,1,0,744,1,0,0,0
282,1,2,1786,1,0,0,1
283,1,4,1129,0,0,0,1
284,1,2,1899,0,0,1,1
285,1,0,301,0,1,0,0
286,1,1,1162,1,0,1,1
287,1,0,2735,0,1,0,0
288,1,1,2478,0,0,0,1
289,1,1,7,0,1,0,1
290,0,2,1130,0,0,0,1
291,0,0,1035,1,1,1,0
292,1,2,2891,1,0,1,1
293,1,1,2599,1,0,0,1
294,0,3,1415,0,1,1,0
295,1,2,1120,1,1,0,1
296,1,1,833,0,1,0,0
297,0,3,283,0,0,0,1
298,1,2,1752,1,1,0,0
299,1,1,3025,1,0,0,1
300,1,2,1175,0,0,0,1
301,1,2,3791,1,1,0,1
302,0,1,2767,1,0,0,1
303,1,1,1690,0,0,0,1
304,1,1,1666,0,0,0,1
305,0,1,2793,1,0,0,1
306,1,1,512,0,0,1,0
307,1,0,3914,0,0,0,0
308,1,1,1290,0,0,0,1
309,0,1,1626,0,0,0,1
310,1,1,1968,1,0,0,1
311,1,1,2305,1,0,0,1
312,1,0,1505,0,1,0,0
313,1,4,526,1,0,1,1
314,1,0,3394,0,1,0,0
315,1,1,1991,0,1,0,1
316,0,1,3453,0,1,0,0
317,0,1,408,0,0,1,1
318,1,1,2102,1,1,0,1
319,1,4,2100,0,1,0,1
320,0,3,3398,1,0,0,1
321,0,2,3479,0,0,1,1
322,1,0,441,1,1,0,0
323,1,2,520,1,1,0,1
324,1,2,2194,0,1,1,1
325,1,2,217,1,1,0,0
326,1,0,3401,0,1,0,0
327,1,2,1582,1,0,1,1
328,1,1,2380,1,1,0,0
329,1,0,3522,0,0,0,0
330,1,1,868,1,0,0,0
331,1,1,2758,1,0,0,1
332,1,3,2481,1,1,0,1
333,1,0,3522,0,0,0,0
334,1,0,2943,0,1,0,0
335,1,1,2404,0,1,0,1
336,1,1,2278,1,1,0,0
337,1,0,1710,1,0,0,0
338,1,1,833,0,0,0,0
339,1,1,2529,0,0,0,0
340,1,1,868,0,1,0,0
341,1,2,916,1,0,1,1
342,1,0,2539,0,1,0,0
343,1,1,2299,0,1,0,0
344,1,1,1864,0,0,0,1
345,0,2,295,0,0,0,1
346,1,2,1128,0,1,0,1
347,1,4,492,1,1,1,1
348,1,1,3334,0,1,0,0
349,1,1,2962,1,1,0,1
350,1,1,4157,0,1,0,1
351,1,1,891,1,1,0,1
352,1,3,2065,0,1,0,1
353,1,1,1346,0,1,1,0
354,1,2,2054,1,1,0,1
355,0,3,1134,0,0,1,1
356,1,1,2831,1,1,0,0
357,1,2,681,0,0,1,0
358,1,1,3185,0,1,1,0
359,1,1,3548,0,0,0,0
360,1,0,304,0,1,1,0
361,1,2,3382,0,0,0,0
362,0,3,841,1,1,1,1
363,1,0,2744,1,0,0,0
364,0,1,2073,0,0,0,0
365,1,2,3655,0,1,0,1
366,0,1,1463,1,1,0,0
367,1,1,3011,0,1,0,0
368,1,1,2802,1,1,0,1
369,1,3,2016,1,0,0,1
370,1,10,430,1,1,0,1
371,1,1,3146,1,0,0,1
372,1,0,3507,0,0,0,0
373,1,2,1536,0,1,0,1
374,1,1,3248,0,0,1,1
375,1,1,3095,0,0,0,0
376,0,1,3235,1,1,1,1
377,1,2,1031,0,1,0,1
378,1,3,2201,0,0,0,1
379,1,1,2529,1,0,0,1
380,1,3,3129,0,1,0,1
381,1,2,3283,1,0,0,1
382,1,1,1646,1,0,1,0
383,1,0,3401,0,0,0,0
384,0,3,479,0,0,0,1
385,1,1,1192,1,1,0,1
386,1,1,314,0,1,0,1
387,0,2,506,1,1,0,1
388,1,2,2072,0,0,0,1
389,1,1,2618,1,1,1,1
390,1,1,9,0,1,1,1
391,1,1,3278,1,0,0,1
392,1,1,217,0,0,1,0
393,1,3,1529,0,1,1,1
394,1,3,3583,0,0,0,1
395,1,2,1856,0,0,1,0
396,1,0,2632,0,1,0,0
397,1,2,1415,0,1,1,0
398,1,0,1249,0,0,0,0
399,1,0,3159,1,0,0,0
400,0,2,458,1,1,0,1
401,0,2,864,0,1,0,1
402,1,0,3747,0,0,0,0
403,1,2,3975,1,1,0,1
404,1,2,2044,1,1,1,1
405,1,2,1646,0,1,1,1
406,1,0,1709,0,0,0,0
407,1,1,2404,0,0,0,1
408,1,0,2765,0,0,0,0
409,1,1,906,1,0,1,1
410,1,2,1498,1,0,1,1
411,0,0,2891,0,1,0,0
412,0,2,2744,1,0,0,1
413,1,1,1646,0,1,1,0
414,1,1,1240,0,0,0,0
415,1,0,2802,0,1,0,0
416,1,0,534,0,1,1,0
417,1,2,1346,0,0,1,0
418,1,3,1842,1,1,1,1
419,1,2,1780,0,0,1,0
420,1,2,247,0,0,0,1
421,1,1,2919,0,1,1,0
422,1,0,2735,0,1,0,0
423,1,1,758,0,1,0,1
424,1,4,1122,0,0,0,1
425,0,3,1137,0,0,1,1
426,1,1,644,0,1,1,0
427,0,4,1794,1,1,1,1
428,1,1,3125,1,0,0,1
429,1,1,974,0,0,0,0
430,0,0,3747,0,1,0,0
431,1,2,216,1,0,0,1
432,1,4,1498,0,1,1,1
433,1,3,1739,0,1,0,1
434,1,0,345,1,1,0,0
435,1,2,1801,1,1,0,0
436,1,1,216,1,1,0,0
437,1,2,1130,0,0,0,1
438,0,1,1612,0,0,0,1
439,1,3,1568,1,0,0,1
440,1,1,2102,1,1,0,1
441,1,1,2863,0,0,0,0
442,1,1,535,0,1,1,1
443,1,1,3430,0,0,0,0
444,0,1,1207,0,1,0,0
445,1,1,486,0,1,0,1
446,1,1,3262,1,1,0,1
447,1,1,2249,0,0,0,1
448,0,3,2647,0,1,0,1
449,1,2,3593,0,1,0,1
450,1,1,1890,0,0,0,1
451,1,1,3306,0,0,0,0
452,1,0,3747,0,0,0,0
453,0,1,4188,1,1,0,1
454,1,1,2772,1,0,0,1
455,1,2,1261,0,0,0,1
456,1,1,827,1,1,0,1
457,1,2,3590,1,0,0,1
458,1,2,1120,1,0,1,1
459,1,3,1570,1,0,0,1
460,1,2,1253,0,1,0,0
461,1,1,2977,0,0,0,1
462,0,2,458,1,0,0,1
463,1,1,1962,1,1,1,0
464,1,1,3255,1,1,0,0
465,0,1,1091,0,0,0,0
466,1,1,1010,0,0,0,0
467,1,1,2991,1,0,1,1
468,1,0,2740,0,0,0,0
469,1,0,2728,1,1,0,0
470,1,1,4065,0,1,0,0
471,1,1,2102,1,0,0,1
472,0,0,220,0,1,0,0
473,1,1,216,0,1,0,0
474,1,2,2950,0,1,0,0
475,1,1,23,0,1,0,0
476,1,1,2999,1,0,0,1
477,1,3,463,1,1,0,1
478,1,1,743,0,0,0,0
479,1,1,700,1,1,1,0
480,1,2,197,1,0,0,0
481,1,3,301,0,0,0,1
482,1,0,2905,1,0,0,0
483,0,1,665,0,1,1,0
484,1,1,308,0,1,0,1
485,1,0,2735,0,0,0,0
486,1,1,2415,1,1,0,1
487,1,1,113,1,0,0,1
488,1,4,1653,1,0,1,1
489,1,0,3507,0,1,0,0
490,1,2,1708,1,1,0,1
491,1,1,3822,0,1,0,0
492,0,2,1976,0,0,0,1
493,1,5,240,0,0,1,1
494,1,4,2481,1,0,0,1
495,1,0,2877,0,1,0,0
496,1,2,2812,0,0,0,1
497,1,0,1227,0,1,0,0
498,1,3,2052,0,0,0,1
499,1,2,2746,1,0,1,1
500,0,1,2236,0,0,0,0
501,1,1,216,0,1,0,0
502,1,0,1451,0,0,0,0
503,0,0,3353,1,1,0,0
504,1,1,206,0,0,0,0
505,1,2,2962,1,1,0,1
506,1,1,3655,0,1,0,0
507,0,0,3107,0,0,0,0
508,1,1,3549,1,1,0,1
509,1,0,1710,0,1,0,0
510,1,1,196,0,1,0,0
511,1,1,3020,1,0,0,1
512,1,0,3747,0,1,0,0
513,1,0,2767,1,1,0,0
514,0,0,3747,1,0,0,0
515,1,0,2730,0,0,0,0
516,1,3,1592,1,1,1,1
517,1,1,681,1,0,1,0
518,1,2,3718,0,0,0,1
519,1,2,1379,0,0,1,1
520,1,3,148,0,1,1,1
521,1,0,3353,1,1,0,0
522,0,1,206,1,0,0,1
523,1,0,2781,0,0,0,0
524,1,1,216,1,0,0,0
525,0,0,3159,0,1,1,0
526,1,1,1792,1,0,0,1
527,1,1,2845,0,1,0,1
528,1,1,2607,1,0,0,1
529,1,1,118,0,0,0,0
530,1,2,1498,0,1,1,0
531,0,0,3489,0,1,0,0
532,1,1,1008,0,0,0,0
533,0,1,17,1,0,0,1
534,1,2,491,1,1,1,1
535,1,1,2941,1,1,0,0
536,1,1,1536,0,0,0,0
537,0,2,3513,1,1,0,1
538,1,1,1184,0,1,0,1
539,0,2,3636,1,1,0,1
540,1,0,3745,1,0,0,0
541,0,2,1995,1,0,1,1
542,0,1,2102,1,1,0,1
543,1,1,1851,1,1,0,1
544,1,1,3684,0,1,0,0
545,1,1,3027,1,0,0,1
546,0,0,3747,1,0,0,0
547,1,3,2957,0,1,0,1
548,1,1,2918,1,1,0,0
549,1,0,3401,1,0,0,0
550,1,1,2355,0,0,0,0
551,0,1,2220,0,1,0,1
552,0,0,3746,0,1,0,0
553,0,5,519,1,0,0,1
554,1,0,2740,0,1,0,0
555,0,2,2142,0,0,1,1
556,1,1,597,1,0,0,1
557,0,0,3394,1,1,0,0
558,1,1,1618,1,0,1,0
559,1,1,1168,1,0,0,1
560,1,0,3694,1,0,0,0
561,1,5,1374,0,1,0,1
562,1,2,1995,1,0,1,1
563,1,0,3507,0,0,0,0
564,1,1,1415,0,0,1,0
565,1,1,204,0,1,0,0
566,1,1,3201,1,1,0,1
567,1,3,2872,1,0,0,1
568,1,1,1795,0,0,0,1
569,1,1,581,1,0,0,1
570,1,0,3680,0,1,0,0
571,0,2,2459,1,1,0,1
572,1,2,1842,0,0,1,0
573,1,0,3747,0,1,0,0
574,1,5,216,1,1,1,1
575,0,2,2831,1,1,0,1
576,1,1,2417,1,1,0,1
577,1,1,3944,1,1,0,1
578,1,2,1646,1,0,1,1
579,1,1,2564,0,0,0,1
580,1,2,3374,1,0,1,1
581,1,2,3759,0,1,0,0
582,1,3,1134,1,0,0,1
583,1,1,1680,1,1,0,1
584,1,0,1870,0,1,0,0
585,1,3,465,0,1,0,1
586,1,2,3642,0,0,0,1
587,0,3,260,0,0,1,1
588,1,2,3914,0,0,1,1
589,0,2,3521,0,0,0,1
590,1,2,1850,0,0,0,1
591,1,0,181,1,0,0,0
592,1,1,2257,1,0,0,1
593,1,1,2809,0,1,0,0
594,1,2,1842,1,0,1,0
595,1,1,2878,0,0,0,0
596,1,2,2199,1,1,0,1
597,1,1,2445,1,0,1,1
598,1,1,3208,0,0,0,0
599,1,1,2481,1,1,0,1
600,1,1,216,1,0,1,0
601,1,7,216,1,1,1,1
602,1,1,3199,1,0,0,1
603,1,1,2781,1,0,0,1
604,1,1,2229,0,1,0,0
605,0,0,238,1,1,1,0
606,1,0,3398,0,1,0,0
607,1,2,2326,1,1,0,1
608,1,1,3630,0,1,0,0
609,1,1,2751,1,1,0,0
610,1,1,532,0,0,1,0
611,1,1,3548,0,0,0,0
612,0,1,2962,0,0,0,1
613,1,1,90,1,0,1,0
614,1,1,2863,0,1,0,0
615,1,2,162,1,1,0,1
616,0,0,2257,0,1,0,0
617,1,0,2877,0,0,0,0
618,1,12,520,1,0,0,1
619,0,1,2878,0,1,0,0
620,1,0,3522,0,1,0,0
621,0,1,1491,0,0,0,1
622,1,2,1837,1,0,1,0
623,1,1,717,1,0,0,1
624,1,3,3740,0,0,0,1
625,1,2,2957,0,1,0,1
626,1,0,3745,0,1,0,0
627,1,2,3213,1,0,1,1
628,1,1,1554,0,0,0,1
629,1,0,1598,0,0,0,0
630,1,1,554,1,0,0,0
631,1,1,3791,1,0,0,0
632,1,0,1709,0,0,0,0
633,1,1,1885,0,1,0,0
634,1,1,4065,1,1,0,1
635,1,2,850,1,1,0,1
636,1,5,15,0,1,0,1
637,1,1,3390,1,1,0,0
638,1,1,2361,0,1,0,0
639,0,1,2704,0,1,0,0
640,1,0,3680,0,0,0,0
641,1,1,120,0,1,0,1
642,1,1,3478,0,0,0,0
643,1,1,582,0,1,0,1
644,1,1,2704,1,1,0,1
645,1,7,1128,1,1,1,1
646,1,2,3944,0,1,1,1
647,0,0,3094,0,1,1,0
648,0,2,114,1,1,0,0
649,1,2,3381,1,0,0,1
650,1,1,3158,0,0,0,1
651,1,1,2759,0,1,0,1
652,1,2,1752,0,1,1,0
653,1,3,792,0,1,0,1
654,1,0,3394,0,1,0,0
655,1,0,4096,0,1,0,0
656,1,1,3327,1,1,1,1
657,1,1,2848,0,0,0,0
658,1,1,331,1,1,0,0
659,0,1,2662,0,0,0,0
660,1,1,1032,1,1,0,0
661,0,1,2466,0,1,0,0
662,1,0,3171,0,1,1,0
663,1,0,2891,1,0,0,0
664,0,2,3157,1,1,0,1
665,1,2,490,1,0,0,1
666,1,2,2012,1,1,1,1
667,0,1,2487,1,0,0,1
668,1,1,3342,0,1,0,1
669,1,1,2787,1,0,0,0
670,1,0,1164,0,1,0,0
671,1,1,2872,0,1,0,0
672,0,1,1091,1,1,0,0
673,1,0,4157,1,0,0,0
674,1,3,2829,0,1,0,1
675,1,2,1346,0,1,1,0
676,0,1,1017,0,0,0,1
677,1,1,3024,0,1,0,0
678,1,1,581,0,1,1,1
679,1,0,2221,0,1,0,0
680,1,1,3397,1,1,0,0
681,1,4,2807,1,0,1,1
682,1,1,3041,1,0,0,1
683,1,0,3423,1,1,0,0
684,1,2,1582,0,1,1,0
685,1,3,441,0,1,0,0
686,1,1,3397,0,0,0,0
687,1,2,2723,0,0,0,1
688,1,1,3397,1,0,0,0
689,0,1,2878,1,1,0,0
690,1,1,2402,0,1,0,1
691,1,1,709,1,0,0,1
692,1,1,1962,0,0,1,0
693,1,1,1673,1,0,0,1
694,1,3,804,1,0,1,0
695,1,1,2379,0,1,0,1
696,1,3,1248,0,0,1,1
697,1,1,3883,1,0,0,1
698,1,3,1809,1,1,1,1
699,1,0,3852,0,1,0,0
700,1,0,136,0,1,0,0
701,1,1,994,0,1,0,0
702,1,5,549,1,1,1,1
703,1,1,2941,0,0,0,1
704,1,1,609,0,1,0,1
705,1,3,2158,1,1,0,1
706,0,0,2768,0,1,0,0
707,0,1,1052,0,1,0,1
708,1,2,2466,1,0,0,1
709,1,0,3558,0,0,0,0
710,1,2,1882,0,0,1,0
711,1,1,2897,1,0,0,0
712,1,2,1563,0,0,0,1
713,1,1,3166,1,0,1,0
714,1,0,1072,0,0,0,0
715,1,1,3650,0,0,0,0
716,1,2,465,1,0,1,1
717,1,1,3496,0,1,0,1
718,0,1,3597,0,1,0,0
719,1,0,3507,0,0,0,0
720,1,2,841,0,1,1,0
721,1,4,1128,0,1,0,1
722,1,2,3382,1,1,0,1
723,1,1,1058,0,0,1,0
724,1,1,582,1,1,0,1
725,1,2,1582,1,0,1,0
726,1,1,2313,0,1,0,1
727,0,1,1437,0,1,0,0
728,1,2,1879,0,1,1,0
729,1,1,4036,0,0,0,1
730,0,1,770,0,1,0,1
731,1,1,869,1,1,0,0
732,0,1,1521,0,0,0,0
733,1,2,1120,1,0,0,1
734,1,2,1498,1,0,1,1
735,0,1,2634,0,1,0,1
736,1,2,1120,0,1,0,1
737,1,1,2452,1,1,0,1
738,1,2,3769,0,0,0,0
739,0,3,1436,1,0,1,1
740,1,2,1625,0,0,0,1
741,1,1,608,0,1,0,0
742,1,0,1112,0,0,0,0
743,1,2,3054,0,1,1,1
744,1,3,1130,0,0,0,1
745,1,3,3583,0,0,0,1
746,1,2,3695,0,1,0,1
747,1,1,1968,0,0,0,0
748,1,1,1233,0,1,0,0
749,1,1,2158,1,0,0,0
750,1,4,567,1,0,1,1
751,1,0,104,0,0,0,0
752,1,2,3660,0,1,0,0
753,1,1,2947,0,1,0,1
754,1,1,4157,1,0,0,1
755,1,2,3436,0,0,0,1
756,0,2,1801,0,0,1,0
757,0,0,3107,1,1,0,0
758,1,0,3201,0,1,1,0
759,1,1,198,1,0,0,0
760,1,0,3746,0,0,0,0
761,1,3,3570,1,0,0,1
762,1,2,3670,1,1,0,1
763,1,1,1240,0,1,0,0
764,1,0,3311,0,1,0,0
765,0,3,1442,0,0,1,1
766,1,0,71,0,0,0,0
767,0,0,653,0,0,0,0
768,1,1,1605,1,1,0,1
769,1,3,1164,1,1,0,1
770,1,1,829,0,1,0,0
771,1,1,2905,0,0,0,0
772,1,1,216,0,1,1,0
773,1,0,2773,1,1,0,0
774,1,0,2735,0,1,0,0
775,1,1,1991,0,0,0,1
776,1,1,3264,0,1,0,1
777,0,2,822,1,0,0,1
778,1,1,1752,0,1,0,1
779,1,2,479,1,1,0,1
780,1,3,2564,0,1,0,1
781,1,1,2058,0,1,1,0
782,1,0,1274,0,1,0,0
783,1,2,1710,0,0,1,1
784,0,2,1463,0,1,1,0
785,0,0,3694,0,0,0,0
786,1,1,2828,0,1,0,1
787,1,2,1043,0,1,0,1
788,1,2,2080,1,1,0,1
789,0,0,3747,1,0,0,0
790,1,0,3746,1,0,0,0
791,1,0,744,0,1,0,0
792,1,2,2656,0,1,0,1
793,1,1,1154,1,1,1,1
794,1,1,2815,0,0,0,0
795,1,2,1758,0,0,1,0
796,1,0,3159,0,0,0,0
797,1,0,3423,0,1,0,0
798,0,1,1319,1,1,0,0
799,1,3,3374,0,1,1,1
800,1,2,744,0,1,1,0
801,1,2,1710,1,1,1,0
802,1,2,539,1,1,0,1
803,1,1,2333,0,1,0,1
804,1,1,2626,1,1,0,1
805,1,1,2375,1,1,0,1
806,1,0,2779,1,1,0,0
807,1,2,2887,0,1,1,1
808,1,2,834,1,1,1,0
809,1,1,2796,0,0,0,0
810,0,1,1464,0,1,0,0
811,0,0,3369,1,0,0,0
812,0,1,2590,1,1,0,1
813,1,1,905,0,1,0,1
814,0,2,1379,1,0,1,0
815,1,0,3394,0,0,0,0
816,0,2,2571,0,0,0,1
817,1,2,841,0,0,1,0
818,1,0,3401,1,0,0,0
819,1,1,3502,0,1,0,0
820,1,1,2417,1,1,0,1
821,1,1,3158,0,1,0,1
822,1,1,2387,0,1,1,0
823,0,1,155,0,1,0,1
824,1,0,3507,0,1,0,0
825,1,0,3746,0,1,0,0
826,1,2,807,1,0,0,1
827,1,0,1890,0,0,0,0
828,1,1,3251,1,1,0,1
829,1,1,3269,0,1,0,1
830,1,4,218,1,0,0,1
831,1,1,930,0,1,1,0
832,1,1,890,1,1,0,0
833,1,2,1710,1,1,1,0
834,1,1,2786,0,1,0,0
835,0,11,918,0,1,0,1
836,0,1,920,1,1,0,0
837,1,4,1240,0,1,0,1
838,1,0,3694,0,1,0,0
839,1,2,4005,0,1,0,1
840,1,2,1618,1,0,1,1
841,1,2,1882,0,0,1,0
842,1,1,1646,0,1,1,0
843,1,3,3573,0,0,0,1
844,1,2,1962,0,0,1,0
845,0,1,1589,1,0,0,0
846,1,1,1277,1,0,0,1
847,1,0,3852,0,1,0,0
848,1,1,3024,0,0,0,0
849,1,0,3107,0,0,0,0
850,0,1,3944,1,1,0,1
851,1,4,801,1,1,0,1
852,1,3,1759,1,1,1,1
853,1,1,2999,1,1,0,1
854,0,4,1794,1,1,0,1
855,1,2,2975,0,0,0,1
856,1,4,610,0,0,1,1
857,1,1,3446,0,1,0,0
858,1,1,862,0,1,0,0
859,1,1,3397,1,0,0,0
860,1,1,869,0,1,0,0
861,1,1,1261,1,0,1,0
862,1,1,1752,0,1,0,1
863,1,1,3822,1,0,0,1
864,1,1,3047,1,1,1,0
865,1,2,744,0,1,1,0
866,1,1,1827,1,1,0,0
867,1,2,3536,0,1,0,1
868,1,3,1121,1,1,0,1
869,1,1,3852,1,1,0,1
870,1,1,608,0,1,0,0
871,1,2,2018,0,1,0,1
872,1,0,2744,0,0,0,0
873,1,2,1240,1,1,0,1
874,1,2,834,0,0,1,0
875,1,3,2438,1,0,1,1
876,0,1,2487,0,0,0,0
877,1,1,2117,0,1,0,1
878,1,1,2138,1,0,1,0
879,1,3,3522,0,0,0,0
880,1,2,2009,0,1,0,1
881,1,0,3694,0,1,0,0
882,0,2,2418,0,0,0,1
883,1,1,1095,1,0,1,0
884,1,0,3747,0,1,0,0
885,1,0,3158,0,0,0,0
886,1,0,162,0,0,0,0
887,1,2,1780,1,0,1,1
888,1,3,2893,0,1,0,1
889,1,0,3680,1,0,0,0
890,1,2,1646,0,0,1,0
891,1,0,2901,0,0,0,0
892,1,1,2863,0,1,1,0
893,1,4,332,1,1,0,1
894,1,2,1465,0,0,0,1
895,1,3,822,0,0,0,1
896,1,2,216,1,0,0,1
897,1,2,834,1,0,1,0
898,1,1,2544,1,0,0,1
899,1,1,2912,1,1,0,1
900,0,1,17,0,1,0,0
901,1,2,1752,1,0,1,0
902,1,1,2508,0,0,0,1
903,1,1,868,1,1,0,0
904,1,0,2900,1,0,0,0
905,1,8,1030,1,0,0,1
906,0,1,3578,1,0,1,1
907,1,1,891,1,1,0,1
908,1,0,2968,1,1,0,0
909,1,1,2962,0,0,0,1
910,1,0,2728,0,0,0,0
911,1,0,1232,0,1,0,0
912,1,1,3171,0,1,0,1
913,0,1,1107,0,0,0,0
914,1,1,3454,0,0,0,0
915,1,2,2527,0,0,0,1
916,1,2,3201,0,0,0,0
917,1,1,3822,0,1,0,1
918,1,3,1794,1,1,0,1
919,1,13,281,1,0,0,1
920,1,0,3944,1,1,0,0
921,1,0,2742,0,0,0,0
922,1,1,3641,0,1,0,0
923,1,3,2814,0,0,0,1
924,1,1,2107,1,0,0,1
925,0,1,3425,1,1,0,0
926,1,1,1218,1,1,0,1
927,1,3,400,1,1,0,1
928,1,0,3746,0,0,0,0
929,1,7,2842,1,0,0,1
930,1,3,486,0,1,1,1
931,1,2,3445,0,0,0,0
932,1,0,3680,0,0,0,0
933,0,1,1190,0,1,0,1
934,1,5,1011,0,1,1,1
935,1,0,55,0,0,0,0
936,1,0,3747,0,0,0,0
937,0,1,2053,0,0,0,1
938,0,0,2765,0,0,0,0
939,1,0,3354,1,1,0,0
940,0,0,4036,0,0,0,0
941,1,1,3356,0,1,0,0
942,1,1,3249,0,1,0,0
943,1,0,3522,1,1,0,0
944,1,0,2742,0,0,0,0
945,1,1,3678,1,1,0,0
946,1,1,2530,0,0,0,1
947,1,0,2900,0,1,0,0
948,1,1,4096,0,0,1,1
949,1,1,1638,1,1,0,1
950,1,3,2962,1,0,0,1
951,1,0,3339,0,1,0,0
952,1,1,4096,1,0,0,1
953,1,0,3237,0,0,0,0
954,1,1,1288,1,0,1,1
955,1,7,1502,0,0,1,1
956,1,0,3206,0,1,0,0
957,0,1,3548,1,1,0,0
958,1,2,2072,0,1,0,1
959,1,3,91,1,0,0,1
960,1,1,2533,1,1,0,1
961,1,0,3680,0,1,0,0
962,1,3,2284,1,0,0,1
963,1,0,2735,0,1,0,0
964,1,3,2799,1,0,0,1
965,1,3,744,0,1,1,1
966,1,1,3791,0,1,0,0
967,0,1,216,1,0,0,1
968,0,1,1556,1,1,0,1
969,1,1,2404,0,0,0,1
970,1,2,2143,0,1,1,0
971,1,1,2100,0,0,0,0
972,1,1,2382,0,1,0,0
973,0,1,659,1,1,0,1
974,1,1,2849,1,1,0,0
975,1,4,871,0,1,0,1
976,1,1,2677,0,1,0,0
977,0,3,1137,0,1,0,1
978,1,2,1752,0,0,1,0
979,0,1,3222,0,0,0,1
980,1,11,220,0,0,0,1
981,1,4,701,1,1,0,1
982,1,1,2487,1,1,0,0
983,1,2,3791,0,1,1,1
984,0,1,427,0,1,0,1
985,1,0,3394,0,1,0,0
986,0,1,919,0,1,0,0
987,1,3,715,1,1,1,1
988,1,0,3746,0,1,0,0
989,1,3,3521,1,1,0,1
990,1,1,3278,0,0,0,0
991,1,0,3746,1,1,0,0
992,1,1,3229,1,1,0,1
993,0,1,2648,0,0,0,1
994,1,1,868,1,0,0,1
995,1,1,3684,0,1,0,0
996,1,4,442,1,0,0,1
997,1,0,2768,0,1,0,0
998,1,8,1130,1,0,1,1
999,1,1,2828,1,1,0,1
1000,1,0,3522,0,0,0,0
1001,1,0,3403,1,1,0,0
1002,1,1,3242,0,0,0,0
1003,1,3,2200,0,1,1,1
1004,1,1,3024,0,1,0,0
1005,1,1,1010,1,0,0,0
1006,1,3,1242,0,0,1,1
1007,1,2,834,0,0,1,0
1008,0,2,469,0,0,0,1
1009,1,1,2016,0,1,0,1
1010,0,3,1379,0,1,0,1
1011,1,2,2361,1,1,1,0
1012,1,1,427,0,1,0,0
1013,1,0,2773,1,1,0,0
1014,1,1,791,1,1,0,1
1015,1,1,3433,0,1,0,0
1016,0,1,3548,0,0,0,0
1017,1,2,1801,1,1,1,0
1018,1,2,1710,0,1,1,1
1019,1,1,198,0,0,0,0
1020,1,3,1879,0,1,1,1
1021,1,1,2438,1,1,0,1
1022,1,0,2024,1,1,0,0
1023,0,1,1095,0,1,1,0
1024,1,1,1836,1,1,0,1
1025,1,2,549,0,0,0,1
1026,1,4,2052,1,0,0,1
1027,1,2,3706,0,1,0,1
1028,1,1,3360,1,0,0,1
1029,1,4,2240,0,1,1,1
1030,1,1,2802,0,0,0,0
1031,1,1,1577,0,1,0,0
1032,1,1,1052,1,1,0,1
1033,1,6,1122,0,0,1,1
1034,1,0,3680,1,1,0,0
1035,1,5,534,0,0,0,1
1036,1,1,1,1,1,0,1
1037,1,2,492,0,1,0,1
1038,1,1,2285,1,0,0,0
1039,0,0,2781,0,1,0,0
1040,1,2,472,1,1,0,1
1041,1,1,2768,0,1,0,0
1042,1,2,2464,1,1,0,1
1043,1,0,3403,0,1,0,0
1044,1,1,2977,1,1,0,1
1045,0,2,469,1,1,0,1
1046,1,2,3566,1,1,0,1
1047,1,3,2389,0,1,0,1
1048,0,1,2249,1,1,0,1
1049,1,1,4096,1,1,0,1
1050,1,0,2977,0,1,0,0
1051,0,1,2794,1,0,0,0
1052,1,2,1618,0,0,1,0
1053,1,1,3067,0,0,0,1
1054,1,1,3822,1,0,0,0
1055,1,1,513,1,1,0,1
1056,1,2,442,0,0,0,1
1057,1,6,471,0,1,1,1
1058,1,2,1962,1,0,1,0
1059,0,1,1800,0,0,1,0
1060,0,5,1340,1,0,0,1
1061,1,0,1451,0,0,0,0
1062,0,1,912,0,0,0,1
1063,1,1,2752,0,1,1,1
1064,1,2,1379,1,0,1,1
1065,1,2,1415,0,0,1,0
1066,1,6,380,1,1,0,1
1067,1,2,3791,0,0,0,0
1068,1,1,1261,1,0,1,1
1069,1,2,1379,0,0,1,1
1070,1,1,2072,0,1,0,0
1071,1,0,3500,0,1,0,0
1072,1,12,220,0,1,0,1
1073,1,1,3339,1,0,0,1
1074,0,1,604,1,0,0,0
1075,0,2,1521,1,0,1,0
1076,1,2,3444,0,1,0,1
1077,0,2,1582,0,1,0,0
1078,1,0,2905,0,0,0,0
1079,1,1,967,1,0,0,0
1080,1,2,2571,1,1,0,1
1081,1,1,2857,0,0,0,0
1082,1,2,1882,0,0,1,0
1083,0,0,3502,0,1,0,0
1084,1,2,2257,1,0,0,1
1085,0,1,2961,0,1,1,0
1086,1,2,1882,1,0,1,1
1087,1,2,3608,1,0,0,1
1088,0,3,486,0,1,0,1
1089,1,2,490,0,0,0,1
1090,0,1,3040,1,1,0,0
1091,0,1,1318,1,1,0,0
1092,0,2,1920,1,1,0,1
1093,1,2,1882,0,1,1,0
1094,1,0,3694,1,1,0,0
1095,0,1,2978,1,0,0,0
1096,1,2,1882,0,1,1,0
1097,1,1,1010,1,0,0,0
1098,0,7,700,1,0,1,1
1099,1,6,239,1,0,0,1
1100,1,1,486,1,1,0,1
1101,1,2,1882,1,1,1,0
1102,1,1,3009,1,1,0,1
1103,1,1,3311,1,1,0,0
1104,1,2,2460,1,1,0,1
1105,1,3,455,0,0,1,0
1106,1,2,1021,0,1,1,1
1107,1,3,1109,0,0,1,1
1108,1,1,1350,1,1,0,0
1109,1,1,2327,0,0,1,1
1110,1,1,724,1,1,0,1
1111,1,4,1856,1,0,1,0
1112,1,0,3694,0,1,0,0
1113,0,1,828,0,0,0,0
1114,1,1,2506,0,0,0,0
1115,1,2,2960,0,1,1,1
1116,0,1,372,0,0,0,1
1117,1,2,1962,0,0,0,0
1118,1,1,556,1,0,0,1
1119,0,0,3124,0,1,0,0
1120,1,1,2662,1,1,0,0
1121,0,1,3548,1,0,0,0
1122,1,1,2404,0,0,0,0
1123,1,2,1521,0,1,0,0
1124,1,0,3747,1,1,0,0
1125,1,1,23,1,1,0,0
1126,1,1,658,0,1,0,1
1127,0,1,1402,1,0,0,0
1128,1,1,3400,0,0,0,0
1129,1,1,3458,0,0,0,0
1130,1,1,1879,0,0,1,0
1131,1,1,2856,0,0,0,0
1132,1,1,2872,0,0,0,0
1133,0,1,829,0,1,0,1
1134,1,1,1779,0,0,0,0
1135,1,0,1036,1,1,0,0
1136,1,7,360,1,0,0,1
1137,1,1,995,0,1,1,0
1138,1,0,3694,1,1,0,0
1139,0,3,835,1,0,0,1
1140,1,1,890,1,0,0,0
1141,1,0,3159,1,0,0,0
1142,1,1,3292,0,0,0,1
1143,1,1,2467,1,1,0,1
1144,1,1,1619,1,0,0,1
1145,0,1,1079,1,1,0,0
1146,1,1,2739,0,0,0,1
1147,1,4,1877,0,0,0,1
1148,1,0,2877,0,0,0,0
1149,1,1,3286,1,0,0,1
1150,1,0,2786,0,1,0,0
1151,1,0,2900,0,0,0,0
1152,0,0,3747,1,1,0,0
1153,1,1,3822,0,1,0,1
1154,1,1,23,1,1,0,0
1155,1,1,27,0,1,0,0
1156,1,1,868,0,1,0,0
1157,1,1,456,1,0,1,1
1158,1,2,3201,0,1,0,0
1159,1,1,134,0,0,0,1
1160,1,1,4157,1,1,0,1
1161,1,1,204,0,1,0,0
1162,0,1,1617,1,1,0,1
1163,1,0,1583,0,0,0,0
1164,1,1,2863,0,0,0,0
1165,1,3,499,1,1,0,1
1166,1,1,829,1,1,0,1
1167,1,1,220,0,0,0,0
1168,1,0,3403,0,1,0,0
1169,1,3,835,0,0,1,1
1170,1,0,3745,0,0,0,0
1171,0,1,437,0,0,0,1
1172,1,1,2996,0,1,0,0
1173,1,2,2809,0,0,0,1
1174,1,0,3746,0,1,0,0
1175,1,1,4065,0,1,1,1
1176,1,0,3619,0,1,0,0
1177,1,2,3641,1,0,0,0
1178,1,0,2376,1,0,0,0
1179,0,3,743,1,1,1,1
1180,1,2,804,1,0,0,1
1181,1,0,2786,0,1,0,0
1182,0,0,2859,0,1,0,0
1183,1,2,1710,0,0,1,0
1184,1,2,583,1,1,0,1
1185,0,0,2767,0,1,0,0
1186,1,0,3914,0,1,0,0
1187,1,3,471,1,1,0,1
1188,1,5,542,0,0,0,1
1189,1,3,463,0,0,0,1
1190,1,1,925,1,1,0,1
1191,1,1,2863,1,1,0,0
1192,0,0,3522,0,1,0,0
1193,1,1,3587,1,1,0,1
1194,1,1,854,0,1,0,0
1195,1,1,2963,1,1,0,1
1196,0,0,3507,1,1,0,0
1197,1,1,4096,1,0,0,0
1198,0,1,1010,0,1,0,0
1199,1,0,3747,1,0,0,0
1200,0,0,2891,0,1,0,0
1201,1,1,3125,1,0,0,1
1202,1,2,2899,1,1,0,1
1203,1,2,744,0,1,1,0
1204,0,1,2564,0,0,0,0
1205,1,0,3747,0,1,0,0
1206,0,2,3474,1,1,0,1
1207,1,1,1646,0,1,1,0
1208,1,0,3680,0,0,0,0
1209,1,5,525,0,1,0,1
1210,1,0,3353,0,0,0,0
1211,0,0,2765,1,0,0,0
1212,1,0,3114,0,0,0,0
1213,1,1,2558,1,1,0,0
1214,1,1,2634,0,1,0,0
1215,0,4,1018,1,0,0,1
1216,1,2,869,0,1,0,1
1217,1,1,689,1,0,0,0
1218,1,2,2856,0,0,0,1
1219,0,0,2632,0,0,0,0
1220,1,1,2943,1,1,0,1
1221,1,1,2851,0,1,0,0
1222,1,1,2522,0,1,1,0
1223,1,1,3772,0,1,0,0
1224,1,4,37,0,0,1,1
1225,1,0,3401,0,0,0,0
1226,1,2,2318,1,0,0,1
1227,1,2,2165,1,1,0,1
1228,1,1,2838,1,0,0,1
1229,1,0,2730,0,0,0,0
1230,1,0,1451,1,1,0,0
1231,1,6,408,1,0,0,1
1232,1,1,3180,0,0,0,0
1233,0,1,532,0,0,0,0
1234,1,2,2817,1,0,0,1
1235,1,1,3613,0,1,0,0
1236,1,3,1877,1,1,0,1
1237,1,1,3270,0,1,0,1
1238,1,1,3143,0,1,0,1
1239,0,2,511,0,0,1,1
1240,1,0,2009,0,1,0,0
1241,1,3,1017,1,1,0,1
1242,1,1,2744,1,1,0,1
1243,1,2,1521,1,0,1,1
1244,1,1,784,1,1,1,0
1245,0,3,1121,1,1,0,1
1246,1,1,2787,1,1,0,0
1247,1,1,2255,0,1,0,1
1248,0,2,1618,0,1,1,0
1249,1,2,1436,0,1,1,0
1250,1,2,1275,1,1,1,1
1251,0,1,3548,0,0,0,0
1252,0,3,1241,1,0,1,1
1253,1,1,3215,0,0,0,1
1254,1,1,1962,0,0,1,0
1255,1,0,3403,1,1,0,0
1256,1,2,3564,1,0,1,1
1257,1,4,463,0,1,0,1
1258,1,0,2569,1,0,0,0
1259,1,1,1221,1,1,1,1
1260,1,3,1430,0,1,1,1
1261,1,1,364,0,1,0,1
1262,1,0,3694,0,1,0,0
1263,1,4,463,0,0,1,1
1264,1,1,3304,0,0,0,1
1265,0,0,4096,0,0,0,0
1266,1,1,2977,0,0,1,0
1267,1,0,3852,1,0,1,0
1268,1,0,3354,0,1,0,0
1269,0,1,2274,0,0,0,1
1270,1,1,1221,1,1,1,1
1271,1,1,3464,1,1,0,0
1272,1,1,3269,1,0,0,0
1273,1,2,3426,1,0,0,1
1274,1,2,3243,1,0,1,1
1275,1,1,3883,1,0,1,1
1276,1,1,3353,1,0,0,1
1277,1,1,1147,1,1,0,1
1278,1,0,3852,0,0,1,0
1279,1,1,2527,1,0,0,1
1280,1,2,1758,0,0,0,1
1281,1,1,216,0,0,1,0
1282,1,1,792,1,1,1,0
1283,1,1,3717,0,1,0,0
1284,1,1,3755,0,1,0,0
1285,1,1,4188,1,0,0,0
1286,1,1,666,0,0,0,1
1287,1,2,3605,0,0,0,1
1288,1,0,3536,0,1,0,0
1289,0,2,255,1,1,0,1
1290,0,0,2915,0,1,1,0
1291,1,0,3401,0,0,0,0
1292,1,5,1857,0,1,0,1
1293,1,1,890,1,1,0,0
1294,1,1,2807,1,0,0,1
1295,1,0,167,0,0,1,0
1296,1,1,1897,0,0,0,1
1297,1,1,2618,0,0,0,0
1298,0,3,1969,1,0,1,1
1299,1,2,3709,1,1,0,1
1300,1,1,217,1,1,0,1
1301,1,0,2773,1,0,0,0
1302,1,0,3430,0,0,0,0
1303,1,5,295,1,1,1,1
1304,1,0,3944,0,1,0,0
1305,1,1,2914,1,1,0,1
1306,1,0,3680,1,0,0,0
1307,0,1,3328,0,1,0,0
1308,1,2,1521,1,1,1,0
1309,0,2,1752,0,0,1,0
1310,1,0,3746,1,0,0,0
1311,1,4,2850,1,1,1,1
1312,1,2,1752,1,1,1,0
1313,1,5,72,1,1,0,1
1314,1,2,744,0,1,1,0
1315,1,1,2128,0,0,0,0
1316,1,9,1128,1,1,0,1
1317,1,0,3680,0,1,0,0
1318,1,0,3104,0,1,1,0
1319,1,1,2310,0,1,0,1
1320,1,1,897,1,0,0,0
1321,1,3,2235,1,0,0,1
1322,1,1,1878,1,1,0,1
1323,1,1,3020,0,1,0,1
1324,1,2,1592,1,0,1,1
1325,1,4,14,1,0,1,1
1326,1,0,3747,0,1,0,0
1327,1,0,462,0,1,0,0
1328,1,1,2696,0,0,0,1
1329,1,1,3066,0,1,1,0
1330,0,1,2101,0,1,0,1
1331,1,6,1581,0,1,0,1
1332,1,3,1168,0,1,1,1
1333,1,2,1882,0,1,1,0
1334,1,1,2383,0,0,0,1
1335,0,2,2548,1,1,0,1
1336,1,1,2912,0,1,0,1
1337,1,3,1021,1,0,0,1
1338,1,0,4157,1,0,0,0
1339,0,2,1701,0,1,0,1
1340,0,0,3401,1,0,0,0
1341,1,10,289,0,1,0,1
1342,0,0,3401,0,0,0,0
1343,1,2,3374,1,0,0,1
1344,1,1,1491,0,1,0,0
1345,1,1,2719,1,0,0,1
1346,0,1,1228,0,1,0,0
1347,1,0,3694,1,1,0,0
1348,1,1,647,1,0,0,0
1349,1,1,2982,0,1,0,0
1350,1,3,995,1,1,0,1
1351,1,1,178,0,1,0,0
1352,1,2,1780,0,1,1,0
1353,1,1,653,0,0,0,1
1354,1,3,1995,0,1,1,1
1355,1,0,3394,1,0,0,0
1356,1,0,3680,0,1,0,0
1357,0,1,2268,1,1,0,0
1358,1,0,2725,1,1,0,0
1359,1,1,2400,0,1,0,1
1360,1,1,1512,1,0,0,0
1361,1,3,3620,1,0,0,1
1362,1,2,429,0,1,0,1
1363,1,1,2318,0,0,0,1
1364,0,0,3489,0,1,0,0
1365,0,1,1058,1,0,1,0
1366,0,1,28,0,0,0,1
1367,1,0,2173,0,0,0,0
1368,1,3,1879,1,1,1,1
1369,0,0,2982,0,1,0,0
1370,1,2,2891,1,1,0,1
1371,1,2,1920,1,1,1,1
1372,1,2,1646,0,1,1,0
1373,0,3,822,0,0,0,1
1374,0,2,1962,0,0,1,0
1375,1,1,1100,1,0,0,1
1376,0,2,2863,0,1,0,0
1377,0,3,2333,0,1,0,1
1378,1,1,3660,1,1,0,0
1379,1,0,3159,0,0,0,0
1380,1,1,2962,1,1,0,1
1381,1,0,3122,0,0,0,0
1382,1,1,608,1,1,0,0
1383,1,0,2901,0,1,0,0
1384,1,1,3157,1,1,0,1
1385,1,1,890,0,1,0,0
1386,1,1,2400,1,1,0,1
1387,1,1,644,0,1,0,0
1388,1,1,2677,0,0,0,1
1389,1,3,772,0,0,0,1
1390,1,3,2887,0,1,0,1
1391,1,1,1261,1,0,1,1
1392,1,2,1346,0,0,0,0
1393,1,0,2765,0,1,0,0
1394,1,0,2900,1,0,0,0
1395,1,0,2508,0,0,1,0
1396,1,0,2018,0,0,0,0
1397,1,2,1801,0,0,1,0
1398,0,1,255,1,0,0,1
1399,1,2,217,1,1,1,1
1400,0,1,658,0,1,1,1
1401,1,1,2723,0,1,0,0
1402,1,1,2464,0,0,0,1
1403,1,2,1842,0,1,1,0
1404,1,1,2960,0,0,1,1
1405,1,0,3694,0,0,0,0
1406,1,2,1498,0,1,1,0
1407,1,0,1242,0,0,0,0
1408,1,1,3249,0,0,0,0
1409,0,1,2880,1,1,0,0
1410,1,0,2960,0,1,0,0
1411,0,1,2282,0,0,1,0
1412,1,2,1346,0,1,1,0
1413,1,1,1968,1,0,0,0
1414,1,0,3522,1,0,0,0
1415,1,1,3125,1,0,0,0
1416,0,1,687,0,1,1,0
1417,0,1,3458,0,1,0,0
1418,0,0,2728,0,0,0,0
1419,1,1,889,1,0,0,0
1420,1,3,3433,1,1,0,1
1421,1,1,192,0,0,0,0
1422,1,0,2779,1,1,0,0
1423,0,0,3528,0,0,0,0
1424,1,2,3390,0,0,1,1
1425,1,0,3061,0,0,1,0
1426,1,2,2142,0,1,0,1
1427,1,1,2873,1,1,1,1
1428,1,0,553,0,0,0,0
1429,1,1,2848,0,0,0,0
1430,1,2,1995,1,0,1,1
1431,1,1,3461,1,1,0,1
1432,1,0,3536,1,0,0,0
1433,1,5,1240,0,1,0,1
1434,1,0,3747,0,1,0,0
1435,1,1,2324,0,0,0,0
1436,1,0,1044,0,1,1,0
1437,0,3,1498,0,1,1,1
1438,1,1,3465,0,0,0,0
1439,1,0,204,0,1,0,0
1440,1,1,2955,1,0,1,1
1441,1,0,3619,0,1,0,0
1442,1,1,3430,0,1,0,0
1443,0,2,1865,1,0,1,0
1444,1,1,751,0,1,0,1
1445,1,2,3391,0,1,0,0
1446,1,1,3683,0,1,1,0
1447,1,1,2481,1,1,0,1
1448,1,2,3791,0,0,0,1
1449,1,1,120,1,1,0,0
1450,0,1,2599,1,0,0,1
1451,1,2,1135,1,1,0,1
1452,0,0,3747,0,0,0,0
1453,0,1,4036,0,1,1,1
1454,1,0,2186,0,0,0,0
1455,1,5,520,0,0,0,1
1456,0,2,3552,1,1,0,1
1457,0,1,1091,1,0,0,0
1458,1,1,567,1,1,1,1
1459,1,1,167,1,0,0,1
1460,0,0,2803,0,0,0,0
1461,1,0,3401,0,1,0,0
1462,1,0,3745,0,1,0,0
1463,0,1,2697,1,1,0,0
1464,1,2,619,1,1,1,1
1465,0,1,717,1,1,0,1
1466,1,1,3311,0,0,0,0
1467,1,1,27,1,0,0,0
1468,1,0,2837,0,0,0,0
1469,1,2,1149,1,0,0,1
1470,1,1,2213,0,0,0,1
1471,0,0,2879,0,1,0,0
1472,1,2,3405,1,1,0,1
1473,1,1,2900,0,1,0,0
1474,1,1,1647,1,1,0,1
1475,1,2,3374,1,1,0,1
1476,1,1,2305,0,0,0,1
1477,1,1,2856,1,1,0,1
1478,1,1,3600,0,0,1,1
1479,1,4,519,0,1,0,1
1480,1,2,1752,0,0,1,0
1481,1,0,3694,1,1,0,0
1482,0,1,2961,0,1,0,0
1483,1,1,3464,0,1,0,0
1484,1,0,616,0,1,0,0
1485,1,1,3052,1,0,0,1
1486,1,2,2456,1,0,0,1
1487,1,1,1968,0,0,0,0
1488,1,2,3615,0,0,0,1
1489,0,0,3746,1,1,0,0
1490,1,0,1224,0,1,0,0
1491,1,1,1008,1,1,0,0
1492,1,1,3166,0,1,0,0
1493,0,1,976,1,0,0,1
1494,1,1,469,0,0,1,1
1495,1,0,3914,0,0,0,0
1496,1,3,3405,0,0,0,1
1497,1,1,2710,0,0,1,0
1498,1,0,3694,0,0,0,0
1499,1,2,757,0,1,0,1
1500,1,6,79,0,0,0,1
1501,1,1,861,1,1,0,1
1502,0,1,3552,1,1,0,1
1503,1,0,2542,0,0,0,0
1504,1,1,1112,1,1,0,0
1505,1,0,2905,0,0,0,0
1506,1,1,1836,1,1,0,1
1507,1,1,3615,1,0,0,1
1508,1,1,2886,1,0,0,0
1509,0,1,2872,0,0,0,0
1510,1,2,1780,0,1,1,0
1511,1,0,3094,0,0,0,0
1512,1,1,923,1,0,0,0
1513,1,1,1456,0,1,0,0
1514,1,1,3306,0,1,0,0
1515,1,1,2298,1,1,0,0
1516,0,1,3304,0,0,0,1
1517,1,3,3387,1,1,0,1
1518,1,0,2885,0,0,0,0
1519,0,1,2551,0,1,0,1
1520,1,1,2681,1,1,0,1
1521,1,1,2996,1,0,0,1
1522,1,3,1031,1,0,1,1
1523,1,1,2530,0,1,0,1
1524,1,1,2690,0,0,0,0
1525,1,3,2934,0,0,0,1
1526,1,2,3768,1,0,0,1
1527,1,1,574,1,1,0,1
1528,0,4,1521,1,1,1,1
1529,1,5,463,1,1,0,1
1530,1,2,1882,1,0,1,0
1531,1,3,2348,1,0,0,1
1532,0,1,115,0,0,0,1
1533,0,2,1197,1,0,0,1
1534,0,2,987,0,1,1,1
1535,1,1,868,1,1,0,0
1536,1,0,3694,0,0,0,0
1537,0,1,2891,1,1,1,1
1538,1,3,3724,1,0,0,1
1539,1,1,3024,1,1,0,1
1540,1,1,2982,0,1,0,0
1541,1,1,2912,1,1,0,1
1542,0,2,3642,1,1,0,1
1543,1,2,1240,1,0,0,1
1544,0,1,973,1,0,1,1
1545,1,3,216,1,1,0,1
1546,1,1,2583,0,1,0,1
1547,1,0,2373,0,1,0,0
1548,1,3,463,1,0,1,1
1549,1,3,3376,0,0,1,1
1550,1,1,2289,1,0,0,1
1551,1,1,3464,1,0,0,1
1552,1,2,981,0,1,0,0
1553,1,2,2831,0,0,0,1
1554,0,1,822,1,1,0,1
1555,0,1,1232,0,0,0,0
1556,1,1,2831,1,1,0,1
1557,1,1,701,0,1,0,0
1558,1,1,366,0,0,0,0
1559,1,1,2578,1,0,0,1
1560,1,3,1206,0,1,0,1
1561,1,2,835,1,1,0,1
1562,0,2,2233,0,0,0,1
1563,1,2,3709,1,1,0,1
1564,1,2,3704,1,1,0,1
1565,1,1,1267,1,0,0,0
1566,1,1,3241,1,0,0,1
1567,1,0,2728,0,1,0,0
1568,1,1,3243,0,1,0,1
1569,1,0,2618,1,0,0,0
1570,1,0,2900,0,0,0,0
1571,1,1,673,0,1,1,0
1572,1,1,2278,0,0,0,1
1573,1,0,3944,0,1,0,0
1574,1,3,1836,0,0,0,1
1575,1,1,2331,0,1,0,0
1576,1,1,2074,0,1,0,1
1577,1,1,3009,1,0,0,0
1578,0,1,640,1,1,0,1
1579,1,2,1235,0,0,1,0
1580,0,3,1646,0,0,1,1
1581,1,0,899,0,1,0,0
1582,0,2,2803,1,1,0,0
1583,1,2,1868,1,0,0,1
1584,1,1,2467,1,0,0,1
1585,0,3,1722,0,0,1,1
1586,1,0,3680,0,1,0,0
1587,1,1,3265,0,1,0,1
1588,1,2,3684,1,1,0,1
1589,1,1,2618,0,0,0,1
1590,1,0,4127,0,1,0,0
1591,1,2,1226,0,0,1,1
1592,1,2,1582,0,1,0,0
1593,1,1,1240,1,1,0,0
1594,1,2,2375,0,1,1,1
1595,1,5,90,0,0,0,1
1596,1,2,1436,0,0,1,0
1597,1,1,3311,0,0,0,1
1598,1,1,2962,1,1,0,1
1599,1,1,2310,1,0,0,1
1600,1,4,245,1,0,0,1
1601,0,1,1322,0,1,0,0
1602,1,4,77,0,0,1,1
1603,1,1,2192,1,0,0,0
1604,1,1,2690,1,0,0,1
1605,1,1,2829,0,0,1,1
1606,1,1,253,0,1,1,0
1607,1,1,3339,0,0,0,0
1608,1,1,2499,1,0,0,1
1609,0,0,2009,1,0,0,0
1610,1,2,1863,1,0,0,1
1611,1,1,2005,0,1,0,0
1612,0,1,1164,0,0,0,0
1613,1,0,3975,0,1,0,0
1614,1,0,3185,0,1,0,0
1615,1,3,1400,1,0,1,1
1616,1,1,3611,0,0,0,1
1617,1,0,2901,0,0,0,0
1618,1,1,4036,1,1,1,1
1619,0,5,1143,1,0,0,1
1620,1,2,1920,0,1,1,0
1621,1,1,2807,0,0,1,1
1622,1,0,843,0,1,0,0
1623,1,1,3125,1,0,0,0
1624,1,1,1584,0,1,0,1
1625,0,1,1087,1,1,0,1
1626,1,1,723,0,1,1,0
1627,1,1,197,0,1,0,0
1628,1,4,1856,0,1,0,1
1629,0,0,3500,1,0,0,0
1630,0,0,3401,1,1,0,0
1631,0,1,2996,0,0,0,1
1632,1,1,4188,0,0,0,1
1633,1,2,1582,1,0,1,0
1634,1,2,1646,0,0,1,1
1635,1,0,2728,0,0,0,0
1636,1,0,2009,0,0,0,0
1637,1,2,1582,0,1,1,0
1638,0,1,3390,1,0,0,0
1639,0,0,3528,0,1,0,0
1640,0,3,2682,0,1,0,1
1641,1,1,1968,0,0,0,0
1642,1,0,3852,1,1,0,0
1643,1,1,3262,0,0,0,0
1644,1,5,2045,1,1,1,1
1645,1,1,2150,1,1,1,0
1646,1,0,3131,0,0,0,0
1647,1,0,2996,0,1,0,0
1648,0,1,71,1,1,0,1
1649,1,1,164,0,0,0,1
1650,0,1,2670,0,1,0,0
1651,1,0,2735,0,0,0,0
1652,0,1,3325,1,1,0,0
1653,1,0,2732,0,0,0,0
1654,1,2,1823,0,1,0,1
1655,1,2,2080,1,1,1,1
1656,0,1,2466,0,0,0,1
1657,1,1,160,1,0,0,0
1658,1,0,3747,0,0,0,0
1659,0,2,1275,0,0,1,0
1660,0,1,2878,0,1,0,0
1661,1,3,1976,1,0,0,1
1662,1,0,3746,0,0,0,0
1663,1,0,2900,1,1,0,0
1664,1,2,3419,1,1,0,0
1665,1,1,2128,1,0,0,1
1666,1,1,1128,0,1,0,1
1667,1,0,3401,0,0,0,0
1668,1,2,1563,0,0,0,1
1669,1,1,2415,1,0,0,0
1670,1,0,3747,0,1,0,0
1671,1,1,2936,1,0,0,1
1672,1,1,4005,1,1,0,1
1673,0,1,1416,0,0,0,0
1674,0,1,1528,0,1,0,0
1675,1,2,1382,1,1,0,1
1676,1,2,1856,0,1,1,0
1677,1,1,260,0,0,0,1
1678,1,1,526,1,0,0,1
1679,1,1,3360,0,0,1,1
1680,1,0,3507,1,0,0,0
1681,1,1,2291,1,0,0,0
1682,1,1,1240,1,1,0,0
1683,1,0,1835,0,0,0,0
1684,1,1,2317,1,1,1,0
1685,1,2,1879,0,0,1,0
1686,1,1,2327,1,1,0,1
1687,0,2,1856,0,0,1,0
1688,1,2,1115,1,0,0,1
1689,1,1,2408,0,1,0,1
1690,1,1,1128,0,0,1,1
1691,1,0,2766,0,1,0,0
1692,1,2,1123,1,0,0,1
1693,1,2,1823,0,0,0,1
1694,1,0,3353,0,0,0,0
1695,1,2,1801,0,1,1,0
1696,0,1,617,0,1,0,1
1697,1,1,416,1,1,0,1
1698,1,0,3403,0,1,0,0
1699,1,0,3401,0,0,0,0
1700,1,2,434,1,0,0,1
1701,1,1,3306,0,1,0,1
1702,1,1,3125,1,1,0,1
1703,1,3,556,0,1,1,0
1704,1,7,1710,1,0,1,1
1705,0,0,3852,1,1,0,0
1706,1,1,2746,1,1,0,1
1707,0,2,3579,1,1,0,1
1708,1,1,3397,0,0,0,0
1709,1,2,3646,0,1,0,1
1710,1,0,3747,0,1,0,0
1711,0,1,1850,1,0,0,1
1712,0,1,3458,1,1,0,0
1713,1,1,3177,0,1,0,1
1714,1,5,1577,1,0,1,1
1715,1,0,3694,1,1,0,0
1716,1,1,2380,1,0,0,0
1717,1,1,2787,0,0,0,1
1718,1,0,1710,0,0,0,0
1719,1,1,709,1,1,1,0
1720,1,1,920,0,1,1,1
1721,1,1,2417,0,0,0,1
1722,1,2,1962,0,0,1,0
1723,0,1,1774,1,0,1,0
1724,1,2,2284,0,1,1,1
1725,1,1,539,1,0,0,0
1726,1,1,3583,1,0,0,1
1727,1,9,216,1,0,1,1
1728,1,2,1856,0,1,1,0
1729,1,0,1352,0,0,0,0
1730,1,2,962,1,1,0,1
1731,1,0,3171,0,1,1,0
1732,1,1,198,0,0,0,0
1733,0,0,3164,0,0,1,0
1734,1,1,2446,0,0,1,1
1735,1,1,1877,1,1,0,1
1736,1,0,2900,0,0,0,0
1737,1,0,2004,0,0,0,0
1738,1,1,192,1,0,0,0
1739,1,1,532,0,1,1,0
1740,1,1,3222,1,1,0,1
1741,0,0,2669,0,1,0,0
1742,1,2,1618,0,1,1,1
1743,0,0,470,0,1,0,0
1744,1,1,3243,1,0,0,1
1745,1,0,3694,0,1,0,0
1746,0,1,3453,1,0,0,0
1747,0,1,1036,0,1,0,0
1748,1,15,192,0,0,0,1
1749,0,2,1752,0,0,1,0
1750,1,1,2311,1,1,0,0
1751,1,1,2998,0,1,0,1
1752,1,1,1261,1,1,0,1
1753,1,1,2634,1,0,0,1
1754,1,1,1514,0,1,0,0
1755,1,1,3229,0,0,0,1
1756,1,0,3746,1,1,0,0
1757,1,1,702,1,1,0,0
1758,1,4,227,1,1,1,1
1759,0,2,3496,0,0,0,1
1760,0,5,644,1,0,1,1
1761,1,3,1878,0,1,0,1
1762,1,1,1968,1,0,0,0
1763,1,7,1130,1,1,0,1
1764,0,1,3311,0,1,0,0
1765,1,2,360,0,1,0,1
1766,1,8,91,0,0,0,1
1767,1,1,2905,1,1,0,0
1768,1,4,875,0,1,1,1
1769,1,0,896,0,0,0,0
1770,1,1,862,0,0,0,0
1771,1,1,2243,1,0,0,0
1772,1,0,2859,0,1,0,0
1773,0,1,2744,0,1,0,0
1774,1,1,2787,0,1,0,0
1775,1,1,3523,1,0,1,1
1776,1,1,3229,1,1,0,1
1777,1,2,2971,1,1,0,1
1778,1,0,3487,0,1,0,0
1779,0,1,2850,0,1,0,0
1780,0,1,1018,0,0,0,0
1781,1,1,1948,1,1,0,1
1782,1,1,3416,1,1,0,1
1783,0,0,2844,1,0,0,0
1784,1,1,604,0,1,0,0
1785,0,1,4127,0,0,0,1
1786,1,2,1983,1,1,0,1
1787,1,0,3041,0,1,0,0
1788,1,1,3249,0,0,0,0
1789,0,1,2880,0,1,0,0
1790,1,0,3401,0,1,0,0
1791,1,1,3177,1,0,1,0
1792,1,2,2366,1,1,0,1
1793,0,2,982,0,1,1,0
1794,1,2,2831,0,1,1,1
1795,1,1,192,1,0,0,0
1796,1,2,3703,0,1,0,0
1797,1,1,723,0,0,1,0
1798,1,0,2997,1,1,0,0
1799,1,0,2425,0,0,0,0
1800,1,2,2326,1,1,0,1
1801,1,1,2796,1,0,0,0
1802,1,2,470,1,0,1,1
1803,0,1,967,0,0,1,0
1804,0,0,2950,1,0,0,0
1805,1,3,1658,1,1,1,1
1806,1,1,2324,0,0,0,0
1807,1,1,945,0,1,0,0
1808,1,2,721,1,0,0,1
1809,1,2,3354,1,0,0,1
1810,1,2,2456,0,1,0,1
1811,1,1,3069,0,1,1,0
1812,1,1,1095,1,0,0,0
1813,1,3,2836,1,1,0,1
1814,0,1,2955,1,1,1,1
1815,0,1,3342,0,1,0,1
1816,1,1,974,0,0,0,0
1817,1,0,1653,0,0,0,0
1818,0,2,3276,1,0,0,1
1819,0,1,2975,1,0,0,0
1820,0,0,3494,0,1,0,0
1821,0,2,1962,1,0,1,1
1822,1,1,1346,1,0,1,0
1823,1,1,2752,0,0,0,0
1824,1,2,2759,0,1,0,1
1825,1,1,512,0,0,1,0
1826,1,0,3120,0,0,0,0
1827,1,2,744,0,0,1,1
1828,1,1,1646,1,0,1,0
1829,1,1,4005,1,0,0,1
1830,1,1,2656,1,1,0,1
1831,1,1,2415,0,0,0,0
1832,1,1,2158,1,0,0,1
1833,1,1,2107,1,1,0,1
1834,1,1,304,0,1,0,0
1835,0,1,2918,0,0,0,0
1836,1,1,960,0,1,0,1
1837,1,2,2080,0,0,1,0
1838,1,1,3398,0,1,0,1
1839,1,1,2257,1,0,0,1
1840,1,1,3517,1,0,0,0
1841,1,1,2418,1,1,1,1
1842,1,0,3522,0,1,0,0
1843,1,1,3436,1,1,0,0
1844,0,0,2984,1,0,0,0
1845,1,1,3590,1,1,0,1
1846,1,1,3513,1,1,0,0
1847,1,1,608,0,0,0,0
1848,1,2,841,0,1,1,0
1849,1,9,216,0,1,0,1
1850,1,0,3159,0,1,1,0
1851,1,1,868,0,0,0,0
1852,1,1,2102,0,1,0,1
1853,1,3,3662,1,0,0,1
1854,1,2,3662,0,0,0,0
1855,1,2,1123,0,1,0,1
1856,1,2,3548,1,1,1,1
1857,0,0,3694,0,1,0,0
1858,1,2,1710,0,0,1,0
1859,1,0,2172,0,1,0,0
1860,1,1,896,0,1,0,0
1861,0,1,1073,1,0,0,1
1862,1,1,3587,1,1,0,1
1863,1,0,3507,1,1,0,0
1864,1,1,2775,0,1,0,1
1865,1,3,2143,1,0,1,1
1866,1,0,3680,0,0,0,0
1867,0,5,1170,1,0,0,1
1868,1,3,1842,0,1,1,0
1869,1,2,239,1,1,0,1
1870,1,0,2765,0,0,0,0
1871,1,0,3747,0,0,0,0
1872,1,2,1392,1,1,0,1
1873,1,1,532,1,1,1,0
1874,1,0,1962,1,0,0,0
1875,1,2,3340,0,0,0,1
1876,1,1,3019,1,1,0,1
1877,0,1,2767,1,0,0,0
1878,1,0,3500,1,1,0,0
1879,0,1,1052,1,1,1,0
1880,1,0,2422,1,1,0,0
1881,1,2,1646,0,0,1,1
1882,1,0,3522,0,1,0,0
1883,1,3,1739,0,0,1,1
1884,1,1,15,0,1,0,0
1885,1,2,458,0,0,0,1
1886,1,1,2128,0,0,0,0
1887,1,1,2509,0,1,0,0
1888,1,1,3312,0,0,0,1
1889,0,1,1052,0,0,0,0
1890,1,0,77,0,0,0,0
1891,0,0,2492,0,1,1,0
1892,0,1,2859,0,0,0,0
1893,1,2,1226,0,0,1,1
1894,1,1,668,1,1,0,1
1895,1,0,1673,0,1,0,0
1896,1,1,3047,0,1,1,0
1897,1,1,2744,0,0,0,0
1898,1,2,3276,0,0,0,1
1899,0,0,3507,0,0,0,0
1900,1,3,3215,0,1,0,1
1901,1,3,834,0,1,1,1
1902,0,4,1135,0,0,0,1
1903,1,0,2766,0,0,0,0
1904,1,0,3747,0,1,0,0
1905,1,0,3522,0,1,0,0
1906,1,2,1123,0,0,1,1
1907,1,3,598,0,1,1,1
1908,1,2,2380,1,1,0,1
1909,1,1,532,0,0,1,0
1910,1,1,4036,1,0,0,1
1911,1,4,841,0,0,1,1
1912,1,1,1561,1,1,0,0
1913,0,3,1261,1,0,0,0
1914,1,1,192,1,1,0,0
1915,1,5,465,1,1,0,1
1916,0,1,1003,1,1,1,0
1917,0,2,1752,0,0,1,0
1918,0,0,3394,0,1,0,0
1919,1,1,2746,0,1,0,0
1920,0,3,2296,1,0,0,1
1921,1,1,216,0,1,0,0
1922,1,2,3660,0,1,0,1
1923,1,2,3222,1,1,0,1
1924,1,1,2681,1,1,0,0
1925,1,1,2404,1,1,0,0
1926,1,1,714,0,1,0,1
1927,0,1,2583,0,0,0,0
1928,1,2,2296,0,1,0,1
1929,0,5,1639,1,0,0,1
1930,1,1,2960,0,1,1,1
1931,1,0,3746,0,1,0,0
1932,1,1,359,0,0,0,1
1933,1,0,3619,1,1,0,0
1934,1,1,2848,0,1,1,0
1935,0,2,519,0,0,0,1
1936,1,1,2705,0,1,1,0
1937,1,2,3716,0,1,0,0
1938,1,1,3655,1,1,0,0
1939,1,1,216,0,0,1,0
1940,1,1,3914,1,1,0,1
1941,1,2,1570,1,1,0,1
1942,1,1,3384,0,0,0,0
1943,1,0,280,1,1,0,0
1944,1,2,1710,0,0,1,0
1945,1,0,3522,1,1,0,0
1946,1,2,1073,0,1,0,1
1947,1,1,3032,0,1,0,0
1948,1,0,3369,0,1,0,0
1949,1,1,1564,1,1,0,1
1950,1,1,3243,0,1,0,1
1951,1,2,1000,0,0,0,1
1952,0,1,2809,0,0,0,0
1953,1,0,2186,0,1,0,0
1954,1,2,1899,1,0,0,1
1955,1,1,1766,0,1,0,1
1956,1,1,3604,0,1,0,0
1957,1,1,1288,0,1,0,1
1958,1,2,491,1,0,1,1
1959,1,2,2012,0,0,1,1
1960,1,1,2607,1,1,1,0
1961,1,2,1288,1,1,0,1
1962,1,1,962,0,1,0,1
1963,1,1,1464,1,1,0,0
1964,1,1,1919,1,1,0,1
1965,1,1,3157,0,0,1,0
1966,0,1,2165,1,0,0,1
1967,0,1,216,0,1,1,0
1968,1,1,3453,1,0,0,0
1969,1,3,2837,0,0,1,1
1970,1,2,1233,0,1,0,1
1971,1,0,3159,0,1,0,0
1972,1,2,3541,1,0,1,1
1973,1,3,939,0,0,0,1
1974,1,2,1135,1,1,0,1
1975,0,1,1708,0,0,0,1
1976,1,6,778,0,1,0,1
1977,1,2,3791,1,0,1,1
1978,1,2,3678,0,1,0,0
1979,1,1,3020,1,1,0,0
1980,0,2,1710,0,0,1,0
1981,1,1,3340,1,1,0,1
1982,1,2,3381,1,0,0,0
1983,0,1,2620,1,0,0,0
1984,1,0,3772,0,1,0,0
1985,1,2,2044,0,0,1,0
1986,1,1,659,1,1,0,1
1987,1,4,1710,0,0,1,1
1988,0,1,695,1,0,0,1
1989,1,1,3299,1,1,0,1
1990,0,1,3436,0,1,0,1
1991,1,3,1415,1,1,1,1
1992,1,1,2807,0,1,0,1
1993,1,2,2466,0,1,0,1
1994,1,0,3746,1,0,0,0
1995,1,2,1136,0,1,0,1
1996,1,1,1701,1,0,0,1
1997,1,1,2633,1,1,0,1
1998,1,0,3394,0,0,0,0
1999,1,1,253,0,1,1,0
2000,1,1,1261,0,0,0,0
